{
    "relativeCounts": {
        "decision_tree_capped": {
            "decision_tree_capped": 100,
            "random_forest_basic": 91.2261698440208,
            "neural_net": 88.92980935875217,
            "random_forest_custom_1": 87.99826689774697,
            "test_formatting_3": 86.46013864818023,
            "stacked_1": 76.4948006932409,
            "stacked_2": 68.99913344887348,
            "tpot_": 45.363951473136915,
            "decision_tree_pruned": 24.761698440207972,
            "tpot_b_rapa": 21.035528596187174,
            "test_formatting_1": 1.2348353552859619,
            "test_formatting_2": 0
        },
        "decision_tree_pruned": {
            "decision_tree_pruned": 100,
            "decision_tree_capped": 15.127077223851417,
            "stacked_1": 14.638318670576735,
            "neural_net": 12.781036168132943,
            "random_forest_basic": 11.70576735092864,
            "test_formatting_1": 11.119257086999022,
            "test_formatting_2": 9.530791788856305,
            "stacked_2": 8.504398826979472,
            "tpot_b_rapa": 3.3968719452590417,
            "test_formatting_3": 2.1505376344086025,
            "tpot_": 0.024437927663734114,
            "random_forest_custom_1": 0
        },
        "neural_net": {
            "neural_net": 100,
            "test_formatting_3": 99.97770345596433,
            "random_forest_basic": 91.72798216276477,
            "random_forest_custom_1": 88.7402452619844,
            "decision_tree_capped": 88.60646599777034,
            "stacked_1": 77.63656633221851,
            "stacked_2": 69.09698996655518,
            "tpot_": 45.997770345596436,
            "tpot_b_rapa": 20.891861761426977,
            "decision_tree_pruned": 20.423634336677814,
            "test_formatting_1": 1.092530657748049,
            "test_formatting_2": 0
        },
        "random_forest_basic": {
            "random_forest_basic": 100,
            "random_forest_custom_1": 94.91044124071647,
            "neural_net": 91.89602446483181,
            "decision_tree_capped": 91.15334207077326,
            "test_formatting_3": 89.51507208387942,
            "stacked_1": 78.39667977282656,
            "stacked_2": 71.60332022717344,
            "tpot_": 47.20401922236785,
            "tpot_b_rapa": 22.171253822629968,
            "decision_tree_pruned": 21.07907383136741,
            "test_formatting_1": 0.9829619921363041,
            "test_formatting_2": 0
        },
        "random_forest_custom_1": {
            "random_forest_custom_1": 100,
            "random_forest_basic": 95.10812513121982,
            "neural_net": 89.3974385891245,
            "decision_tree_capped": 88.36867520470292,
            "test_formatting_3": 87.19294562250683,
            "stacked_1": 76.6743648960739,
            "stacked_2": 71.23661557841696,
            "tpot_": 45.91643921897963,
            "tpot_b_rapa": 24.291412975015746,
            "decision_tree_pruned": 14.087759815242496,
            "test_formatting_1": 0.4408985933235356,
            "test_formatting_2": 0
        },
        "stacked_1": {
            "stacked_1": 100,
            "stacked_2": 86.14095401804899,
            "random_forest_basic": 78.74946282767512,
            "neural_net": 78.4486463257413,
            "decision_tree_capped": 76.68672110012892,
            "random_forest_custom_1": 76.12806188225183,
            "test_formatting_3": 75.2041254834551,
            "tpot_": 48.0232058444349,
            "tpot_b_rapa": 44.134078212290504,
            "decision_tree_pruned": 24.946282767511818,
            "test_formatting_1": 1.1602922217447358,
            "test_formatting_2": 0
        },
        "stacked_2": {
            "stacked_2": 100,
            "stacked_1": 86.30863935470177,
            "random_forest_basic": 72.40500955211208,
            "random_forest_custom_1": 70.91912545107196,
            "neural_net": 70.57949479940565,
            "decision_tree_capped": 69.62428359159414,
            "test_formatting_3": 66.54638081086817,
            "tpot_b_rapa": 52.72765867119508,
            "tpot_": 38.27212905964763,
            "decision_tree_pruned": 20.526427510082783,
            "test_formatting_1": 1.188707280832095,
            "test_formatting_2": 0
        },
        "test_formatting_1": {
            "test_formatting_1": 100,
            "test_formatting_2": 95.81347150259067,
            "decision_tree_pruned": 24.663212435233163,
            "neural_net": 8.10362694300518,
            "random_forest_basic": 6.0932642487046635,
            "decision_tree_capped": 5.55440414507772,
            "stacked_1": 4.704663212435233,
            "stacked_2": 3.564766839378238,
            "tpot_b_rapa": 1.9896373056994816,
            "random_forest_custom_1": 1.7616580310880827,
            "tpot_": 0.45595854922279794,
            "test_formatting_3": 0
        },
        "test_formatting_2": {
            "test_formatting_2": 100,
            "test_formatting_1": 95.85385878489326,
            "decision_tree_pruned": 24.055829228243024,
            "neural_net": 7.98440065681445,
            "random_forest_basic": 6.075533661740558,
            "decision_tree_capped": 5.295566502463054,
            "stacked_1": 4.51559934318555,
            "stacked_2": 3.345648604269294,
            "random_forest_custom_1": 2.2783251231527095,
            "tpot_b_rapa": 1.8883415435139574,
            "tpot_": 0.18472906403940886,
            "test_formatting_3": 0
        },
        "test_formatting_3": {
            "neural_net": 100,
            "test_formatting_3": 99.97947876051714,
            "random_forest_basic": 90.17032628770778,
            "random_forest_custom_1": 87.50256515493537,
            "decision_tree_capped": 87.19474656269239,
            "stacked_1": 76.33901087625694,
            "stacked_2": 67.67904781448799,
            "tpot_": 44.2643135645393,
            "tpot_b_rapa": 19.946644777344552,
            "decision_tree_pruned": 17.853478350092345,
            "test_formatting_1": 0.964498255694644,
            "test_formatting_2": 0
        },
        "tpot_": {
            "tpot_": 100,
            "random_forest_basic": 50.33929673041333,
            "stacked_1": 50.29816985399959,
            "neural_net": 50.23647953937898,
            "decision_tree_capped": 48.18013571869216,
            "random_forest_custom_1": 47.069710055521284,
            "test_formatting_3": 44.17026526835287,
            "stacked_2": 40.24264857084104,
            "tpot_b_rapa": 18.404277195147028,
            "decision_tree_pruned": 15.91610117211598,
            "test_formatting_1": 1.2338062924120914,
            "test_formatting_2": 0
        },
        "tpot_b_rapa": {
            "tpot_b_rapa": 100,
            "stacked_2": 53.45188284518828,
            "stacked_1": 45.64853556485355,
            "neural_net": 25.815899581589957,
            "random_forest_basic": 25.502092050209207,
            "random_forest_custom_1": 24.602510460251047,
            "decision_tree_capped": 23.786610878661087,
            "test_formatting_3": 18.410041841004183,
            "decision_tree_pruned": 17.343096234309623,
            "tpot_": 16.98744769874477,
            "test_formatting_1": 1.0669456066945606,
            "test_formatting_2": 0
        }
    },
    "frequencyMatrix": {
        "decision_tree_capped": {
            "decision_tree_capped": 5184,
            "random_forest_basic": 4779,
            "neural_net": 4673,
            "random_forest_custom_1": 4630,
            "test_formatting_3": 4559,
            "stacked_1": 4099,
            "stacked_2": 3753,
            "tpot_": 2662,
            "decision_tree_pruned": 1711,
            "tpot_b_rapa": 1539,
            "test_formatting_1": 625,
            "test_formatting_2": 568
        },
        "decision_tree_pruned": {
            "decision_tree_pruned": 5184,
            "decision_tree_capped": 1711,
            "stacked_1": 1691,